elapsed_ms,sensor_value,rolling_std,is_active,event
77,2529,0.0,False,
179,2529,0.0,False,
277,2523,3.4641016151377544,False,
378,2531,4.1633319989323105,False,
478,2530,4.3588989435407,False,
578,2529,1.0000000000001137,False,
678,2528,1.0000000000001137,False,
821,2528,0.5773502691898555,False,
878,2565,21.361959960016094,False,
980,2525,22.27853974867588,False,
1080,2527,22.53885533916921,False,
1177,2521,3.0550504633033784,False,
1278,2531,5.033222956846809,False,
1378,2525,5.033222956846809,False,
1478,2525,3.4641016151373116,False,
1578,2524,0.5773502691869018,False,
1678,2528,2.081665999465432,False,
1778,2525,2.081665999465432,False,
1878,2525,1.7320508075680896,False,
1980,2526,0.5773502691871972,False,
2079,2523,1.5275252316509542,False,
2178,2525,1.5275252316509542,False,
2278,2527,1.9999999999992042,False,
2381,2526,0.9999999999984084,False,
2478,2523,2.081665999465432,False,
2578,2525,1.527525231651066,False,
2678,2527,1.9999999999992895,False,
2778,2525,1.154700538377988,False,
2878,2524,1.527525231651066,False,
2978,2527,1.527525231651066,False,
3078,2525,1.527525231651066,False,
3179,2525,1.154700538377988,False,
3278,2526,0.5773502691869018,False,
3378,2525,0.5773502691869018,False,
3480,2519,3.785938897199827,False,
3582,2524,3.2145502536639707,False,
3683,2523,2.6457513110641178,False,
3778,2525,0.9999999999987494,False,
3889,2521,1.9999999999993747,False,
3996,2525,2.3094010767579944,False,
4081,2527,3.0550504633034343,False,
4179,2524,1.5275252316509542,False,
4281,2521,2.9999999999994884,False,
4378,2523,1.5275252316509542,False,
4478,2524,1.5275252316509542,False,
4578,2519,2.6457513110640534,False,
4678,2519,2.8867513459476037,False,
4778,2521,1.1547005383778404,False,
4878,2520,0.9999999999984084,False,
4978,2521,0.5773502691869018,False,
5081,2525,2.645751311063989,False,
5182,2526,2.645751311063989,False,
5282,2531,3.2145502536637585,False,
5378,2538,6.027713773341447,False,
5479,2536,3.6055512754636423,False,
5597,2539,1.5275252316511776,False,
5678,2547,5.68624070307718,False,
5778,2547,4.61880215351685,False,
5878,2550,1.7320508075682866,False,
5978,2549,1.5275252316512893,False,
6078,2550,0.5773502691880833,False,
6179,2549,0.5773502691880833,False,
6282,2544,3.2145502536639707,False,
6378,2549,2.886751345947663,False,
6478,2547,2.5166114784230937,False,
6578,2547,1.1547005383782833,False,
6678,2541,3.4641016151374098,False,
6778,2537,5.033222956846877,False,
6878,2531,5.033222956846877,False,
6980,2532,3.2145502536639707,False,
7078,2526,3.2145502536639707,False,
7179,2527,3.2145502536639707,False,
7278,2534,4.358898943540465,False,
7378,2542,7.5055534994649555,False,
7478,2548,7.023769168568188,False,
7579,2550,4.163331998931697,False,
7678,2543,3.605551275463406,False,
7782,2539,5.567764362829644,False,
7884,2543,2.309401076757625,False,
7980,2539,2.309401076757625,False,
8078,2537,3.0550504633031554,False,
8178,2539,1.1547005383771018,False,
8280,2536,1.5275252316503962,False,
8381,2539,1.732050807567499,False,
8480,2541,2.5166114784226874,False,
8578,2540,0.9999999999978968,False,
8678,2538,1.5275252316505077,False,
8778,2537,1.5275252316505077,False,
8878,2541,2.0816659994651863,False,
8978,2537,2.309401076757699,False,
9078,2535,3.055050463303211,False,
9178,2536,0.9999999999977263,False,
9279,2533,1.5275252316503962,False,
9379,2537,2.0816659994649402,False,
9483,2539,3.0550504633030435,False,
9581,2539,1.1547005383768065,False,
9678,2541,1.1547005383768065,False,
9780,2543,1.9999999999986073,False,
9879,2537,3.0550504633030435,False,
9978,2537,3.4641016151370163,False,
10078,2539,1.1547005383771018,False,
10181,2539,1.1547005383771018,False,
10278,2539,0.0,False,
10378,2535,2.3094010767573296,False,
10480,2541,3.055050463302932,False,
10583,2543,4.163331998931615,False,
10678,2538,2.516611478422552,False,
10777,2535,4.041451884326682,False,
10878,2541,2.999999999998977,False,
10978,2541,3.4641016151368684,False,
11078,2539,1.1547005383766589,False,
11178,2539,1.1547005383766589,False,
11280,2539,0.0,False,
11378,2536,1.732050807567105,False,
11479,2533,2.999999999998977,False,
11578,2181,204.0988322684216,True,start_1
11685,1013,795.6682725860068,True,
11778,1727,588.8033061501382,True,
11881,2343,665.6014823701441,True,
11980,557,907.2074367713998,True,
12082,1275,898.6975761252131,True,
12184,347,486.62237241349,True,
12285,283,555.1792503327191,True,
12383,773,266.35565196431133,True,
12479,2397,1106.5315178520673,True,
12588,365,1074.9313156352518,True,
12678,363,1173.7535232463983,True,
12780,264,57.74368652357884,False,
12879,253,60.58327602014725,False,
12979,1208,548.2216704947006,True,
13078,751,477.64666159550757,True,
13178,283,462.51090077243947,True,
13278,2365,1092.3021559989709,True,
13380,1620,1054.9342791536037,True,
13478,489,944.5953278168028,True,
13578,249,732.1659647921363,True,
13678,1907,896.0364575916168,True,
13779,1830,935.8110564282371,True,
13880,2058,115.9841943254902,True,
13979,2073,136.1726844855448,True,
14078,2078,10.408329997318127,False,end_1
14180,2089,8.18535277185659,False,
14278,2089,6.350852961065407,False,
14378,2092,1.7320508074935588,False,
14478,2091,1.5275252315665557,False,
14578,2093,0.999999999869658,False,
14678,2095,1.999999999934829,False,
14781,2093,1.1547005382663393,False,
14878,2097,1.999999999934829,False,
14978,2099,3.0550504632611792,False,
15078,2096,1.5275252315664443,False,
15178,2099,1.7320508074934602,False,
15278,2100,2.0816659994033366,False,
15379,2099,0.5773502689630136,False,
15478,2101,0.9999999998691464,False,
15578,2101,1.1547005382658961,False,
15678,2104,1.7320508074932632,False,
15778,2103,1.5275252315662209,False,
15880,2105,0.9999999998691464,False,
15979,2105,1.1547005382658961,False,
16079,2106,0.5773502689627182,False,
16178,2109,2.0816659994032545,False,
16280,2111,2.5166114783716624,False,
16379,2111,1.1547005382661917,False,
16479,2111,0.0,False,
16580,2117,3.464101615100046,False,
16680,2111,3.464101615100046,False,
16779,2116,3.214550253623706,False,
16881,2120,4.509249752793968,False,
16981,2119,2.081665999403582,False,
17103,2120,0.5773502689638997,False,
17179,2121,0.999999999869658,False,
17278,2119,0.999999999869658,False,
17378,2160,23.11565126344204,False,
17478,2129,21.37755832642575,False,
17584,2163,18.82374387132033,False,
17679,2203,37.0405183549007,False,
17778,2214,26.83902631119591,False,
17878,2203,6.350852961064557,False,
17978,2200,7.371114795813604,False,
18080,2199,2.0816659994007423,False,
18178,2200,0.5773502689536603,False,
18278,2197,1.5275252315626857,False,
18378,2195,2.516611478369449,False,
18478,2197,1.1547005382613673,False,
18578,2196,0.9999999998639169,False,
18679,2196,0.5773502689539557,False,
18778,1945,144.9149175665952,True,start_2
18878,280,1041.335840799371,True,
18980,481,908.8382694407181,True,
19081,285,114.63129299337395,True,
19186,580,150.1343842473561,True,
19278,277,172.67406676548958,True,
19378,263,179.1154190273209,True,
19478,1376,638.5877647851803,True,
19578,253,645.496966168961,True,
19679,265,644.9281613740656,True,
19778,989,421.50840244689397,True,
19878,1211,494.7012566522677,True,
19978,255,500.32922494426896,True,
20079,484,499.15027797247546,True,
20180,287,124.01209618420057,True,
20278,813,265.74611944485565,True,
20381,1640,682.0574267122475,True,
20479,1206,413.6693526638552,True,
20582,269,700.709878147392,True,
20683,301,531.980262791769,True,
20781,295,17.009801096213522,False,
20886,294,3.7859388971231773,False,
20980,251,25.119713374149175,False,
21081,1371,634.5835905011513,True,
21180,234,651.5952220000795,True,
21281,448,604.2204343890836,True,
21378,1620,746.1429711076375,True,
21478,1751,717.4670724151736,True,
21579,1751,75.63288526384213,False,end_2
21678,1785,19.629909152452967,False,
21778,1783,19.07878402834501,False,
21878,1783,1.15470053848359,False,
21979,1791,4.618802153543312,False,
22078,1803,10.066445913706712,False,
22178,1804,7.2341781380879,False,
22278,1811,4.358898943570654,False,
22381,1809,3.6055512755004555,False,
22478,1809,1.1547005384936586,False,
22578,1815,3.4641016151760216,False,
22678,1813,3.0550504633474636,False,
22778,1821,4.163331998964674,False,
22882,1815,4.163331998964674,False,
22978,1816,3.214550253706434,False,
23078,1819,2.081665999531055,False,
23178,1815,2.081665999531055,False,
23280,1815,2.3094010768169655,False,
23378,1817,1.154700538495947,False,
23478,1820,2.5166114784774356,False,
23578,1821,2.081665999531674,False,
23678,1817,2.081665999531674,False,
23778,1823,3.055050463348701,False,
23879,1817,3.4641016151771127,False,
23978,1821,3.055050463348701,False,
24078,1821,2.3094010768176627,False,
24178,1821,0.0,False,
24278,1819,1.154700538497899,False,
24378,1823,2.000000000068624,False,
24478,1822,2.081665999532138,False,
24578,1824,1.00000000013813,False,
24678,1827,2.5166114784787115,False,
24779,1829,2.5166114784791596,False,
24882,1822,3.6055512755027492,False,
24987,1821,4.3588989435725525,False,
25079,1823,1.0000000001381597,False,
25178,1821,1.1547005384987536,False,
25278,1821,1.1547005384987536,False,
25394,1823,1.1547005384987536,False,
25478,1829,4.163331998965705,False,
25580,1832,4.58257569498656,False,
25678,1832,1.7320508076508436,False,
25778,1836,2.309401076820413,False,
25878,1833,2.081665999534879,False,
25978,1830,3.0000000000476454,False,
26078,1832,1.5275252317451855,False,
26178,1832,1.154700538502431,False,
26278,1831,0.5773502694362145,False,
26378,1829,1.5275252317448134,False,
26479,1829,1.1547005385016598,False,
26578,1828,0.577350269433556,False,
26685,1813,8.962886439847942,False,
26777,548,734.7164986124466,True,start_3
26878,333,799.6718076811259,True,
26980,2334,1098.485472518109,True,
27078,252,1179.3561802949944,True,
27178,631,1108.9464970562524,True,
27278,249,219.68689841074308,True,
27378,295,208.54096320227393,True,
27478,254,25.238858928222438,False,
27579,253,23.9652526239981,False,
27678,437,105.94495426084289,True,
27778,335,92.18098140794618,False,
27880,1578,690.0886416492685,True,
27978,261,739.9340060663062,True,
28078,313,745.8125322983869,True,
28178,329,35.55277766924447,False,
28278,266,32.746501085338295,False,
28378,285,32.31614663495717,False,
28478,1839,902.7371341278326,True,
28579,2109,984.4450213191184,True,
28678,295,978.7263832825458,True,
28778,271,1054.3098848694024,True,
28879,266,15.50268793892515,False,
28977,368,57.50072463310113,False,
29081,1967,953.9921383323864,True,
29179,2365,1056.9779247142928,True,
29278,2007,219.15291465093608,True,
29387,1999,209.0390713080543,True,
29490,2009,5.291502622154411,False,end_3
29592,2015,8.08290376867157,False,
29694,2019,5.03322295687534,False,
29781,2027,6.110100926631833,False,
29880,2031,6.110100926632602,False,
29978,2035,4.0000000000391465,False,
30078,2037,3.0550504633561535,False,
30178,2035,1.1547005385184872,False,
30278,2036,1.0000000001610785,False,
30380,2035,0.5773502694675391,False,
30478,2029,3.7859388972421133,False,
30578,2031,3.0550504633553843,False,
30678,2029,1.1547005385139084,False,
30778,2029,1.1547005385139084,False,
30880,2031,1.1547005385139084,False,
30978,2031,1.1547005385144171,False,
31078,2031,0.0,False,
31179,2032,0.5773502694614336,False,
31284,2034,1.5275252317552386,False,
31379,2031,1.5275252317552386,False,
31478,2038,3.5118845843296596,False,
31583,2035,3.511884584329743,False,
31678,2031,3.511884584329743,False,
31778,2032,2.081665999542014,False,
31882,2036,2.6457513111244406,False,
31978,2037,2.645751311125171,False,
32078,2037,0.577350269470014,False,
32178,2040,1.732050807663073,False,
32279,2039,1.52752523175917,False,
32378,2039,0.5773502694743787,False,
32479,2042,1.7320508076641887,False,
32578,2040,1.527525231760243,False,
32678,2037,2.5166114784890605,False,
32779,2040,1.7320508076636802,False,
32878,2040,1.7320508076636802,False,
32980,2037,1.7320508076636802,False,
33078,2040,1.7320508076636802,False,
33179,2042,2.5166114784890605,False,
33280,2041,1.0000000001659939,False,
33382,2039,1.5275252317604353,False,
33479,2040,1.0000000001651128,False,
33578,2040,0.5773502694750354,False,
33688,2039,0.5773502694750354,False,
33778,2043,2.081665999545728,False,
33879,2040,2.081665999545728,False,
33981,2041,1.5275252317608201,False,
34081,2047,3.7859388972444425,False,
34178,2046,3.214550253717012,False,
34278,2045,1.0000000001705698,False,
34378,2074,16.46207763316512,False,
34478,1564,286.4442935953401,True,start_4
34578,288,919.9702893753321,True,
34680,700,651.206060577857,True,
34778,247,250.5440746322505,True,
34878,250,260.67796224460045,True,
34979,811,324.7629905023007,True,
35078,263,320.2067040730577,True,
35181,293,308.09305953450297,True,
35279,2066,1032.411255266039,True,
35379,595,948.5580284480923,True,
35480,1867,798.0628630210359,True,
35578,443,781.9701614085615,True,
35678,265,878.053149492291,True,
35778,269,101.63332786704666,True,
35879,277,6.110100926377068,False,end_4
35978,288,9.53939201402231,False,
36079,287,6.082762530068226,False,
36184,288,0.5773502667714678,False,
36284,287,0.5773502667710043,False,
36378,291,2.0816659987958452,False,
36478,285,3.0550504628469044,False,
36578,286,3.214550253229923,False,
36678,287,0.999999998602546,False,
36778,293,3.7859388968316323,False,
36878,288,3.2145502532304286,False,
36978,289,2.6457513105376242,False,
37078,287,0.9999999986042147,False,
37180,291,1.9999999993024982,False,
37278,288,2.081665998795865,False,
37378,293,2.516611477869801,False,
37478,291,2.516611477869801,False,
37580,287,3.0550504628476327,False,
37681,288,2.0816659987958857,False,
37779,291,2.0816659987958857,False,
37888,294,2.999999999535539,False,
37986,285,4.5825756946516085,False,
38079,287,4.725815625957372,False,
38188,288,1.527525230737493,False,
38278,295,4.358898943220817,False,
38381,293,3.6055512750777354,False,
38478,291,1.9999999993040616,False,
38578,291,1.1547005371729402,False,
38678,287,2.309401076154646,False,
38778,295,3.9999999996516187,False,
38878,292,4.041451883982638,False,
38978,295,1.7320508067656997,False,
39078,294,1.5275252307410616,False,
39178,292,1.5275252307410616,False,
39281,295,1.5275252307410616,False,
39383,292,1.7320508067652485,False,
39482,288,3.5118845838875874,False,
39578,294,3.055050462847826,False,
39678,295,3.7859388968323704,False,
39778,291,2.081665998797573,False,
39878,294,2.081665998797573,False,
39978,291,1.7320508067647604,False,
40078,291,1.7320508067647604,False,
40178,291,0.0,False,
40278,291,0.0,False,
40378,293,1.154700537172867,False,
40478,290,1.527525230739835,False,
40578,288,2.516611477869636,False,
40678,289,0.9999999986048694,False,
40778,290,0.9999999986048694,False,
40878,293,2.0816659987965753,False,
40978,291,1.527525230739849,False,
41078,291,1.1547005371728853,False,
41178,292,0.5773502667764173,False,
41278,265,15.307950004181905,False,
41379,251,20.840665376386415,False,
41479,277,13.01281419718669,False,
41578,316,32.715949219463745,False,
41678,281,21.455380055607186,False,
41781,249,33.511192160190284,False,
41881,1755,860.4006818531301,True,start_5
41986,845,758.4361102514381,True,
42079,247,759.3602570585309,True,
42178,269,339.0830773325776,True,
42280,2378,1224.0319984924135,True,
42386,1908,1107.1812558625313,True,
42481,254,1115.6457024222932,True,
42579,299,942.2156511825366,True,
42681,299,25.98076211348867,False,
42778,679,219.39310229205282,True,
42878,2301,1063.2723075487288,True,
42978,1236,824.1518872958627,True,
43078,340,981.7129587274135,True,
43178,2343,1003.3505535620799,True,
43278,1263,1002.5249789074246,True,
43378,2233,594.3343615620195,True,
43479,2171,543.0174951141076,True,
43578,1096,639.3014416793796,True,
43680,1301,570.7524273564965,True,
43778,1335,129.29423807733622,True,
43879,1355,27.30079363924051,False,end_5
43979,1365,15.275252316489972,False,
44078,1369,7.211102550866953,False,
44178,1367,1.9999999997819042,False,
44278,1371,1.9999999997828706,False,
44378,1371,2.309401076570726,False,
44478,1365,3.4641016150123622,False,
44579,1355,8.082903768600413,False,
44682,1352,6.806859285488686,False,
44778,1384,17.672954855723916,False,
44879,1383,18.19340539863661,False,
44978,1388,2.645751310906398,False,
45078,1381,3.6055512753476395,False,
45178,1381,4.041451884223453,False,
45278,1380,0.5773502684581646,False,
45379,1383,1.5275252313758463,False,
45478,1384,2.08166599926394,False,
45579,1379,2.6457513109053346,False,
45678,1381,2.516611478255906,False,
45778,1381,1.1547005380130697,False,
45878,1381,0.0,False,
45979,1395,8.082903768603044,False,
46082,1391,7.2111025508704385,False,
46180,1389,3.0550504631689455,False,
46284,1383,4.163331998832367,False,
46386,1384,3.2145502535342865,False,
46478,1388,2.645751310906561,False,
46579,1387,2.0816659992658813,False,
46692,1387,0.577350268469086,False,
46780,1389,1.1547005380192605,False,
46883,1387,1.1547005380192605,False,
46978,1389,1.1547005380197692,False,
47078,1391,1.9999999997927937,False,
47179,1398,4.725815626165635,False,
47278,1392,3.7859388970918575,False,
47379,1388,5.0332229567655045,False,
47478,1389,2.081665999267374,False,
47578,1390,0.9999999995856724,False,
47678,1390,0.5773502684730889,False,
47780,1391,0.5773502684741063,False,
47878,1393,1.5275252313820638,False,
47979,1392,0.9999999995883155,False,
48078,1390,1.5275252313822563,False,
48178,1390,1.1547005380216968,False,
48278,1391,0.5773502684739585,False,
48379,1395,2.645751310909021,False,
48479,1397,3.055050463169854,False,
48581,1391,3.055050463169854,False,
48678,1395,3.055050463169854,False,
48778,1399,3.999999999897825,False,
48880,1394,2.6457513109104815,False,
48978,1397,2.5166114782618183,False,
49078,1399,2.5166114782618183,False,
49179,1399,1.1547005380279896,False,
49278,1395,2.309401076582593,False,
49379,1403,3.99999999989877,False,
49478,533,500.00133333155424,True,start_6
49579,491,514.8475502515266,True,
49678,284,133.300412602503,True,
49778,1618,717.9291979947128,True,
49878,453,726.3311916749811,True,
49984,268,731.8868309604508,True,
50078,1778,823.6048809957348,True,
50178,2263,1040.4606351675843,True,
50281,858,713.6350607978842,True,
50387,241,1036.2752208430597,True,
50482,250,353.65567057991746,True,
50578,2666,1397.483571757941,True,
50689,2392,1322.8943016482208,True,
50794,2787,202.37835852680078,True,
50884,285,1345.0822775329893,True,
50980,300,1440.219774895484,True,
51079,264,18.0831413199544,False,
51180,244,28.378395538344787,False,
51279,1243,571.0869752790124,True,
51380,2381,1069.2531661553933,True,
51478,269,1057.0607046585988,True,
51578,2302,1197.2102293805103,True,
51678,731,1065.721508337583,True,
51778,1479,785.7983201814576,True,
51878,1463,427.3140921305232,True,
51979,525,546.2319409676928,True,
52080,270,628.2406651382353,True,
52179,675,204.75595229442908,True,
52281,1017,373.942508950238,True,
52379,1554,443.0902842536717,True,
52478,1301,268.6490895821784,True,
52578,1330,138.45938032506206,True,
52678,1342,21.079215671684196,False,end_6
52778,1355,12.503332889010327,False,
52878,1355,7.505553499471027,False,
52978,1363,4.618802153527959,False,
53078,1367,6.110100926616662,False,
53181,1380,8.888194417322575,False,
53284,1368,7.234178138079055,False,
53378,1366,7.571877794408771,False,
53479,1358,5.291502622139964,False,
53579,1369,5.686240703087371,False,
53678,1352,8.621678104257846,False,
53778,1367,9.291573243183558,False,
53886,1378,13.051181300305736,False,
53978,1383,8.185352771880755,False,
54078,1388,5.000000000014948,False,
54178,1396,6.557438524314283,False,
54279,1398,5.291502622145315,False,
54378,1391,3.6055512754879353,False,
54478,1391,4.041451884348378,False,
54579,1401,5.773502691911103,False,
54681,1399,5.29150262214583,False,
54779,1391,5.29150262214583,False,
54882,1397,4.163331998953107,False,
54993,1398,3.7859388972230024,False,
55079,1395,1.5275252317092183,False,
55178,1399,2.0816659995084272,False,
55280,1397,2.000000000043879,False,
55380,1398,1.000000000088725,False,
55481,1400,1.5275252317101797,False,
55578,1398,1.1547005384565163,False,
55678,1399,1.0000000000895208,False,
55778,1405,3.785938897224221,False,
55880,1403,3.055050463334173,False,
55978,1404,1.0000000000939269,False,
56078,1415,6.658328118493918,False,
56178,1416,6.658328118494492,False,
56278,1403,7.234178138084123,False,
56378,1405,7.000000000013921,False,
56478,1414,5.8594652770987725,False,
56578,1405,5.196152422725266,False,
56678,1407,4.725815626273244,False,
56778,1413,4.163331998955584,False,
56878,1403,5.033222956866315,False,
56979,1407,5.033222956866315,False,
57080,1413,5.033222956866315,False,
57178,1413,3.4641016151664696,False,
57278,1407,3.4641016151664696,False,
57379,1414,3.7859388972265013,False,
57481,1415,4.358898943563703,False,
57578,1407,4.358898943563703,False,
57678,1414,4.358898943563703,False,
57778,1414,4.0414518843521225,False,
57878,1413,0.5773502693659712,False,
57978,1419,3.21455025369643,False,
58078,1418,3.214550253696795,False,
58179,1414,2.645751311104132,False,
58278,1417,2.081665999516061,False,
58379,1419,2.5166114784650215,False,
58478,1415,2.0000000000522653,False,
58581,1419,2.3094010768040287,False,
58678,1422,3.511884584314443,False,
58779,1419,1.7320508076307868,False,
58882,1426,3.5118845843153625,False,
58985,1429,5.13160143946859,False,
59086,1422,3.511884584316223,False,
59180,1420,4.7258156262759865,False,
59289,1419,1.527525231722313,False,
59387,917,290.11894112587663,True,start_7
59479,1548,333.3681648468151,True,
59578,2547,821.8943565527957,True,
59680,2058,499.53678543226556,True,
59779,294,1185.1037929227973,True,
59878,325,1009.6159335773842,True,
59978,269,28.053520278187452,False,
60078,1773,852.6288758891523,True,
60180,1007,752.0434384617242,True,
60278,432,672.7632074759538,True,
60378,1675,622.0795769031482,True,
60478,275,766.9960886471322,True,
60578,709,716.6486819448794,True,
60681,1555,650.9572438596355,True,
60778,1897,611.5586643977831,True,
60878,2091,271.38410663363146,True,
60986,1194,471.9558595179576,True,
61078,1452,461.78891281623544,True,
61178,1551,184.30680942385322,True,
61279,1555,58.34666514321091,False,end_7
61378,1531,12.858201014683464,False,
61478,1531,13.856406460575108,False,
61581,1541,5.773502691953786,False,
61680,1545,7.211102550974309,False,
61778,1520,13.428824719013862,False,
61878,1545,14.433756729763719,False,
61978,1513,16.822603841280237,False,
62078,1502,22.338307903703267,False,
62178,1533,15.71623364552235,False,
62278,1565,31.501322723561906,False,
62380,1568,19.399312702619586,False,
62478,1565,1.73205080776924,False,
62595,1565,1.73205080776924,False,
62684,1564,0.5773502697897297,False,
62778,1571,3.7859388972919676,False,
62878,1567,3.5118845843832935,False,
62978,1563,4.000000000086951,False,
63079,1573,5.033222956916381,False,
63178,1571,5.291502622195125,False,
63278,1567,3.055050463418254,False,
63379,1565,3.055050463417832,False,
63484,1565,1.1547005386798193,False,
63586,1567,1.1547005386798193,False,
63679,1566,1.0000000003472362,False,
63788,1566,0.5773502697912701,False,
63879,1567,0.5773502697912701,False,
63980,1566,0.5773502697912701,False,
64079,1567,0.577350269791549,False,
64179,1570,2.081665999633322,False,
64279,1567,1.732050807769945,False,
64379,1575,4.041451884413876,False,
64478,1567,4.618802153592579,False,
64578,1573,4.163331999016352,False,
64678,1571,3.0550504634182536,False,
64778,1575,2.000000000175266,False,
64878,1575,2.3094010769104356,False,
64979,1573,1.154700538683445,False,
65078,1576,1.5275252318820194,False,
65178,1571,2.516611478562987,False,
65279,1571,2.8867513460695373,False,
65382,1572,0.5773502697954528,False,
65478,1571,0.5773502697954528,False,
65579,1573,1.000000000350049,False,
65678,1575,2.0000000001752234,False,
65778,1574,1.0000000003508451,False,
65878,1572,1.5275252318814798,False,
65981,1575,1.5275252318814798,False,
66078,1573,1.5275252318813743,False,
66178,1572,1.5275252318813743,False,
66278,1575,1.5275252318813743,False,
66378,1577,2.516611478563108,False,
66478,1583,4.163331999017022,False,
66578,1575,4.163331999017022,False,
66678,1573,5.291502622195774,False,
66778,1575,1.1547005386835185,False,
66878,1577,2.000000000175792,False,
66980,1575,1.1547005386839289,False,
67078,1576,1.0000000003519816,False,
67178,1575,0.5773502697987999,False,
67280,1581,3.214550253774012,False,
67379,1580,3.2145502537742128,False,
67480,1579,1.0000000003539997,False,
67579,1573,3.7859388972933736,False,
67680,1575,3.0550504634191253,False,
67784,1576,1.5275252318820758,False,
67878,1575,0.5773502697990973,False,
67979,1579,2.0816659996354927,False,
68080,1574,2.6457513111977566,False,
68183,1573,3.214550253773818,False,
68278,1575,1.0000000003513576,False,
68379,1579,3.0550504634191813,False,
68478,1578,2.08166599963573,False,
68579,1577,1.0000000003533756,False,
68678,1579,1.0000000003533756,False,
68778,1763,106.8144809159044,True,start_8
68879,371,756.1728197530864,True,
68979,649,736.652790216214,True,
69079,1868,796.2677522877173,True,
69186,361,799.9952083189833,True,
69286,269,897.8041731543318,True,
69382,252,58.64298764557861,False,
69478,619,207.15453169071534,True,
69579,1107,428.9246243028409,True,
69678,253,428.4499192826779,True,
69779,280,485.45064974035523,True,
69878,285,17.21433511154767,False,
69978,247,20.647840887915134,False,
70079,309,31.262330900505066,False,
70179,314,37.32291521303439,False,
70281,2329,1164.806850941391,True,
70380,237,1186.2137244190021,True,
70478,270,1198.4040776521638,True,
70582,339,52.048054718683005,False,
70681,243,49.50757517793639,False,
70782,2559,1310.309887011466,True,
70878,2007,1209.700789451673,True,
70979,267,1196.2140276723062,True,
71078,249,1009.825727539163,True,
71180,251,9.865765724586122,False,
71278,267,9.865765724586122,False,
71381,305,27.73685875027027,False,
71479,2419,1231.6346860981141,True,
71579,1854,1094.503083595474,True,
71679,503,984.5034281301415,True,
71778,301,844.3749167283452,True,
71878,960,337.6225703355738,True,
71981,473,341.8172026098152,True,
72083,287,347.53752794961986,True,
72180,298,104.35675988326057,True,
72279,307,10.016652800832581,False,end_8
72379,300,4.725815626157382,False,
72480,301,3.7859388970814916,False,
72578,301,0.5773502684090034,False,
72678,303,1.1547005379895188,False,
72778,300,1.5275252313571783,False,
72881,303,1.7320508073091798,False,
72978,301,1.5275252313571783,False,
73079,299,1.999999999774758,False,
73180,299,1.1547005379883373,False,
73278,301,1.1547005379883373,False,
73379,299,1.1547005379883373,False,
73478,303,1.999999999774758,False,
73580,304,2.6457513108945814,False,
73679,305,0.9999999995515623,False,
73778,303,0.9999999995515623,False,
73880,303,1.1547005379907003,False,
73978,307,2.309401076564437,False,
74078,303,2.309401076564437,False,
74178,304,2.0816659992509514,False,
74278,301,1.5275252313578296,False,
74378,302,1.5275252313576806,False,
74479,304,1.5275252313576806,False,
74582,303,0.9999999995509654,False,
74679,301,1.5275252313578433,False,
74778,308,3.6055512753396446,False,
74878,304,3.511884584156649,False,
74978,309,2.645751310895919,False,
75078,302,3.6055512753398395,False,
75179,309,4.041451884216898,False,
75278,304,3.6055512753398395,False,
75378,301,4.041451884216571,False,
75477,307,2.999999999850582,False,
75578,303,3.0550504631570954,False,
75679,302,2.6457513108951614,False,
75778,303,0.5773502684116248,False,
75879,303,0.5773502684116248,False,
75981,307,2.309401076564501,False,
76078,307,2.309401076564895,False,
76180,303,2.309401076564895,False,
76281,307,2.309401076564895,False,
76381,307,2.309401076564895,False,
76480,308,0.5773502684171383,False,
76598,303,2.645751310895677,False,
76680,304,2.6457513108954194,False,
76780,301,1.5275252313578993,False,
76878,309,4.041451884216571,False,
76979,307,4.1633319988248605,False,
77078,309,1.1547005379935493,False,
77178,307,1.1547005379931554,False,
77278,306,1.5275252313599272,False,
77378,308,0.9999999995536939,False,
77493,308,1.15470053799294,False,
77578,309,0.577350268418209,False,
77681,303,3.214550253525423,False,
77780,303,3.4641016150085395,False,
77880,306,1.7320508073100538,False,
77978,303,1.7320508073100538,False,
78078,308,2.5166114782458937,False,
78178,308,2.8867513457933853,False,
78278,304,2.3094010765651904,False,
78378,303,2.6457513108954274,False,
78479,309,3.2145502535251667,False,
78579,306,2.999999999851051,False,
78679,309,1.7320508073116783,False,
78781,306,1.7320508073112844,False,
78878,304,2.516611478246108,False,
78978,304,1.1547005379914572,False,
79079,303,0.5773502684128801,False,
79178,304,0.5773502684128801,False,
79279,306,1.5275252313586714,False,
79380,307,1.5275252313592669,False,
79478,303,2.0816659992512414,False,
79578,302,2.6457513108951694,False,
79678,303,0.5773502684116617,False,
79778,303,0.5773502684116617,False,
79880,309,3.464101615008552,False,
79981,302,3.785938897081908,False,
80079,304,3.6055512753398573,False,
80181,303,0.999999999551072,False,
80281,303,0.5773502684124494,False,
80387,303,0.0,False,
80478,303,0.0,False,
80583,304,0.5773502684124494,False,
80683,309,3.2145502535251667,False,
80779,311,3.605551275340437,False,
80880,293,9.86576572458708,False,
80980,2248,1123.5596705708751,True,start_9
81079,2438,1187.374554777613,True,
81178,244,1215.5761322654103,True,
81278,1992,1159.601655742178,True,
81378,1277,878.8077150321341,True,
81478,1591,358.3810820900022,True,
81578,304,671.0307990944483,True,
81679,2023,894.2365458870491,True,
81778,252,1007.8116556844009,True,
81878,245,1024.5140311386663,True,
81979,622,215.66872745022596,True,
82080,1687,747.8544867374492,True,
82178,1432,556.0800302114799,True,
82279,1139,274.21949845576955,True,
82378,1051,199.48015774340467,True,
82479,1369,164.19906617680135,True,
82579,1511,235.54475866241157,True,
82678,1491,76.86351540230582,False,end_9
82780,1493,11.015141094596595,False,
82878,1497,3.0550504633911766,False,
82979,1493,2.309401076874132,False,
83082,1495,2.000000000133668,False,
83179,1497,2.000000000133668,False,
83278,1497,1.1547005386112479,False,
83379,1497,0.0,False,
83479,1502,2.886751346041328,False,
83578,1498,2.645751311166365,False,
83678,1498,2.309401076875141,False,
83778,1497,0.577350269654833,False,
83878,1497,0.577350269654554,False,
83978,1499,1.1547005386118798,False,
84078,1501,2.0000000001345923,False,
84180,1499,1.1547005386125693,False,
84278,1500,1.0000000002695826,False,
84378,1485,8.38649708363791,False,
84479,1505,10.408329997356406,False,
84588,1497,10.0664459137209,False,
84684,1498,4.35889894360256,False,
84778,1526,16.462077633170882,False,
84892,1527,16.462077633171123,False,
84993,1527,0.5773502696752585,False,
85080,1527,0.0,False,
85179,1530,1.732050807731083,False,
85281,1533,3.0000000000939147,False,
85378,1525,4.041451884396998,False,
85479,1527,4.163331998999736,False,
85578,1526,1.0000000002798406,False,
85678,1525,1.0000000002798406,False,
85778,1527,1.0000000002798406,False,
85878,1527,1.154700538621732,False,
85978,1523,2.3094010768795794,False,
86078,1525,2.0000000001396363,False,
86178,1523,1.1547005386206164,False,
86282,1526,1.5275252318347363,False,
86378,1527,2.0816659996004048,False,
86478,1525,1.000000000279841,False,
86578,1525,1.1547005386214533,False,
86680,1528,1.732050807730378,False,
86778,1524,2.0816659996004003,False,
86878,1524,2.309401076879473,False,
86978,1525,0.5773502696727169,False,
87078,1525,0.5773502696729957,False,
87178,1525,0.0,False,
87280,1529,2.309401076879682,False,
87378,1525,2.309401076879682,False,
87479,1524,2.6457513111703284,False,
87600,1529,2.6457513111703284,False,
87678,1527,2.51661147853486,False,
87778,1528,1.000000000280722,False,
87878,1527,0.5773502696753747,False,
87978,1527,0.5773502696753747,False,
88084,1526,0.5773502696748167,False,
88182,1527,0.5773502696748167,False,
88278,1524,1.5275252318349968,False,
88378,1528,2.0816659996005957,False,
88478,1528,2.309401076879788,False,
88578,1525,1.732050807730755,False,
88678,1525,1.7320508077305252,False,
88783,1531,3.464101615218693,False,
88878,1532,3.785938897274506,False,
88986,1525,3.785938897274506,False,
89083,1530,3.6055512755419814,False,
89192,1531,3.214550253751797,False,
89280,1525,3.214550253751797,False,
89393,1529,3.055050463395877,False,
89479,1526,2.0816659996007543,False,
89580,1528,1.52752523183574,False,
89678,1528,1.1547005386222233,False,
89778,1526,1.1547005386222233,False,
89879,1526,1.1547005386219442,False,
89978,1527,0.5773502696746831,False,
90078,1527,0.5773502696749621,False,
90179,1528,0.57735026967552,False,
90279,1528,0.5773502696757988,False,
90382,1526,1.1547005386222233,False,
90479,1526,1.1547005386219442,False,
90580,1529,1.7320508077307053,False,
90682,1528,1.5275252318356285,False,
90778,1530,1.0000000002812037,False,
90878,1531,1.527525231836261,False,
90980,1524,3.785938897274401,False,
91080,1528,3.511884584364173,False,
91178,1529,2.645751311170511,False,
91278,1527,1.0000000002806364,False,
91378,1527,1.154700538622142,False,
91482,1527,0.0,False,
91585,1527,0.0,False,
91679,1527,0.0,False,
91778,1527,0.0,False,
91880,1528,0.5773502696750786,False,
91978,1527,0.5773502696750786,False,
92079,1526,1.0000000002801532,False,
92178,1528,1.0000000002801532,False,
92279,1526,1.1547005386217237,False,
92379,1531,2.516611478535146,False,
92479,1527,2.645751311170661,False,
92579,1527,2.3094010768800635,False,
92678,1529,1.1547005386221423,False,
92778,1527,1.1547005386221423,False,
92879,1531,2.0000000001405174,False,
92981,1533,3.055050463396082,False,
93084,1532,1.0000000002823985,False,
93180,1526,3.785938897274566,False,
93287,1529,3.0000000000936686,False,
93384,1528,1.5275252318355736,False,
93485,1529,0.5773502696763432,False,
93580,1531,1.5275252318361008,False,
93680,1529,1.1547005386229794,False,
93780,1531,1.1547005386232585,False,
93880,1548,10.440306508937752,False,
93978,694,488.22365093605777,True,start_10
94079,261,654.8758151995943,True,
94179,283,243.8900025284612,True,
94278,1356,625.9443532242567,True,
94378,925,539.9466022981654,True,
94479,568,394.57867825483595,True,
94578,699,180.5943889862948,True,
94679,739,89.44458247056166,False,
94778,266,262.30325960612777,True,
94880,659,253.17253668858513,True,
94978,1221,479.98576367777116,True,
95078,479,387.0417720780708,True,
95178,1095,397.0507943995749,True,
95278,800,308.0914366439504,True,
95378,335,383.15575597051026,True,
95478,361,261.2859225701471,True,
95578,339,13.99999999997742,False,end_10
95678,303,29.280255007985946,False,
95779,308,19.502136635062882,False,
95881,315,6.02771377328512,False,
95978,317,4.7258156261811015,False,
96078,316,0.9999999996639275,False,
96178,313,2.0816659993044624,False,
96278,311,2.5166114782893008,False,
96378,316,2.5166114782893008,False,
96480,311,2.8867513458309118,False,
96578,312,2.6457513109367774,False,
96690,311,0.5773502686019396,False,
96778,315,2.081665999303568,False,
96878,313,1.9999999998309086,False,
96978,314,0.9999999996624993,False,
97077,310,2.0816659993034485,False,
97178,311,2.08166599930323,False,
97280,312,0.9999999996604529,False,
97378,314,1.527525231430264,False,
97480,313,0.9999999996618385,False,
97581,315,0.9999999996625206,False,
97678,325,6.429100507276525,False,
97779,319,5.033222956780868,False,
97880,317,4.16333199885221,False,
97978,316,1.5275252314323853,False,
98081,314,1.527525231431641,False,
98179,314,1.1547005380872362,False,
98305,324,5.773502691838179,False,
98379,315,5.507570547225269,False,
98478,315,5.196152422642191,False,
98578,314,0.5773502686057302,False,
98678,316,0.9999999996631175,False,
98779,315,0.9999999996631175,False,
98878,318,1.5275252314320085,False,
98979,314,2.081665999304531,False,
99079,315,2.081665999304531,False,
99181,319,2.645751310937535,False,
99278,316,2.0816659993048683,False,
99378,315,2.0816659993048683,False,
99483,314,0.9999999996631814,False,
99578,315,0.5773502686058409,False,
99678,315,0.5773502686058409,False,
99778,313,1.15470053808715,False,
99879,318,2.5166114782898346,False,
99979,318,2.8867513458317706,False,
100080,317,0.5773502686094591,False,
100184,316,0.9999999996645883,False,
