elapsed_ms,sensor_value
77,2529
179,2529
277,2523
378,2531
478,2530
578,2529
678,2528
821,2528
878,2565
980,2525
1080,2527
1177,2521
1278,2531
1378,2525
1478,2525
1578,2524
1678,2528
1778,2525
1878,2525
1980,2526
2079,2523
2178,2525
2278,2527
2381,2526
2478,2523
2578,2525
2678,2527
2778,2525
2878,2524
2978,2527
3078,2525
3179,2525
3278,2526
3378,2525
3480,2519
3582,2524
3683,2523
3778,2525
3889,2521
3996,2525
4081,2527
4179,2524
4281,2521
4378,2523
4478,2524
4578,2519
4678,2519
4778,2521
4878,2520
4978,2521
5081,2525
5182,2526
5282,2531
5378,2538
5479,2536
5597,2539
5678,2547
5778,2547
5878,2550
5978,2549
6078,2550
6179,2549
6282,2544
6378,2549
6478,2547
6578,2547
6678,2541
6778,2537
6878,2531
6980,2532
7078,2526
7179,2527
7278,2534
7378,2542
7478,2548
7579,2550
7678,2543
7782,2539
7884,2543
7980,2539
8078,2537
8178,2539
8280,2536
8381,2539
8480,2541
8578,2540
8678,2538
8778,2537
8878,2541
8978,2537
9078,2535
9178,2536
9279,2533
9379,2537
9483,2539
9581,2539
9678,2541
9780,2543
9879,2537
9978,2537
10078,2539
10181,2539
10278,2539
10378,2535
10480,2541
10583,2543
10678,2538
10777,2535
10878,2541
10978,2541
11078,2539
11178,2539
11280,2539
11378,2536
11479,2533
11578,2181
11685,1013
11778,1727
11881,2343
11980,557
12082,1275
12184,347
12285,283
12383,773
12479,2397
12588,365
12678,363
12780,264
12879,253
12979,1208
13078,751
13178,283
13278,2365
13380,1620
13478,489
13578,249
13678,1907
13779,1830
13880,2058
13979,2073
14078,2078
14180,2089
14278,2089
14378,2092
14478,2091
14578,2093
14678,2095
14781,2093
14878,2097
14978,2099
15078,2096
15178,2099
15278,2100
15379,2099
15478,2101
15578,2101
15678,2104
15778,2103
15880,2105
15979,2105
16079,2106
16178,2109
16280,2111
16379,2111
16479,2111
16580,2117
16680,2111
16779,2116
16881,2120
16981,2119
17103,2120
17179,2121
17278,2119
17378,2160
17478,2129
17584,2163
17679,2203
17778,2214
17878,2203
17978,2200
18080,2199
18178,2200
18278,2197
18378,2195
18478,2197
18578,2196
18679,2196
18778,1945
18878,280
18980,481
19081,285
19186,580
19278,277
19378,263
19478,1376
19578,253
19679,265
19778,989
19878,1211
19978,255
20079,484
20180,287
20278,813
20381,1640
20479,1206
20582,269
20683,301
20781,295
20886,294
20980,251
21081,1371
21180,234
21281,448
21378,1620
21478,1751
21579,1751
21678,1785
21778,1783
21878,1783
21979,1791
22078,1803
22178,1804
22278,1811
22381,1809
22478,1809
22578,1815
22678,1813
22778,1821
22882,1815
22978,1816
23078,1819
23178,1815
23280,1815
23378,1817
23478,1820
23578,1821
23678,1817
23778,1823
23879,1817
23978,1821
24078,1821
24178,1821
24278,1819
24378,1823
24478,1822
24578,1824
24678,1827
24779,1829
24882,1822
24987,1821
25079,1823
25178,1821
25278,1821
25394,1823
25478,1829
25580,1832
25678,1832
25778,1836
25878,1833
25978,1830
26078,1832
26178,1832
26278,1831
26378,1829
26479,1829
26578,1828
26685,1813
26777,548
26878,333
26980,2334
27078,252
27178,631
27278,249
27378,295
27478,254
27579,253
27678,437
27778,335
27880,1578
27978,261
28078,313
28178,329
28278,266
28378,285
28478,1839
28579,2109
28678,295
28778,271
28879,266
28977,368
29081,1967
29179,2365
29278,2007
29387,1999
29490,2009
29592,2015
29694,2019
29781,2027
29880,2031
29978,2035
30078,2037
30178,2035
30278,2036
30380,2035
30478,2029
30578,2031
30678,2029
30778,2029
30880,2031
30978,2031
31078,2031
31179,2032
31284,2034
31379,2031
31478,2038
31583,2035
31678,2031
31778,2032
31882,2036
31978,2037
32078,2037
32178,2040
32279,2039
32378,2039
32479,2042
32578,2040
32678,2037
32779,2040
32878,2040
32980,2037
33078,2040
33179,2042
33280,2041
33382,2039
33479,2040
33578,2040
33688,2039
33778,2043
33879,2040
33981,2041
34081,2047
34178,2046
34278,2045
34378,2074
34478,1564
34578,288
34680,700
34778,247
34878,250
34979,811
35078,263
35181,293
35279,2066
35379,595
35480,1867
35578,443
35678,265
35778,269
35879,277
35978,288
36079,287
36184,288
36284,287
36378,291
36478,285
36578,286
36678,287
36778,293
36878,288
36978,289
37078,287
37180,291
37278,288
37378,293
37478,291
37580,287
37681,288
37779,291
37888,294
37986,285
38079,287
38188,288
38278,295
38381,293
38478,291
38578,291
38678,287
38778,295
38878,292
38978,295
39078,294
39178,292
39281,295
39383,292
39482,288
39578,294
39678,295
39778,291
39878,294
39978,291
40078,291
40178,291
40278,291
40378,293
40478,290
40578,288
40678,289
40778,290
40878,293
40978,291
41078,291
41178,292
41278,265
41379,251
41479,277
41578,316
41678,281
41781,249
41881,1755
41986,845
42079,247
42178,269
42280,2378
42386,1908
42481,254
42579,299
42681,299
42778,679
42878,2301
42978,1236
43078,340
43178,2343
43278,1263
43378,2233
43479,2171
43578,1096
43680,1301
43778,1335
43879,1355
43979,1365
44078,1369
44178,1367
44278,1371
44378,1371
44478,1365
44579,1355
44682,1352
44778,1384
44879,1383
44978,1388
45078,1381
45178,1381
45278,1380
45379,1383
45478,1384
45579,1379
45678,1381
45778,1381
45878,1381
45979,1395
46082,1391
46180,1389
46284,1383
46386,1384
46478,1388
46579,1387
46692,1387
46780,1389
46883,1387
46978,1389
47078,1391
47179,1398
47278,1392
47379,1388
47478,1389
47578,1390
47678,1390
47780,1391
47878,1393
47979,1392
48078,1390
48178,1390
48278,1391
48379,1395
48479,1397
48581,1391
48678,1395
48778,1399
48880,1394
48978,1397
49078,1399
49179,1399
49278,1395
49379,1403
49478,533
49579,491
49678,284
49778,1618
49878,453
49984,268
50078,1778
50178,2263
50281,858
50387,241
50482,250
50578,2666
50689,2392
50794,2787
50884,285
50980,300
51079,264
51180,244
51279,1243
51380,2381
51478,269
51578,2302
51678,731
51778,1479
51878,1463
51979,525
52080,270
52179,675
52281,1017
52379,1554
52478,1301
52578,1330
52678,1342
52778,1355
52878,1355
52978,1363
53078,1367
53181,1380
53284,1368
53378,1366
53479,1358
53579,1369
53678,1352
53778,1367
53886,1378
53978,1383
54078,1388
54178,1396
54279,1398
54378,1391
54478,1391
54579,1401
54681,1399
54779,1391
54882,1397
54993,1398
55079,1395
55178,1399
55280,1397
55380,1398
55481,1400
55578,1398
55678,1399
55778,1405
55880,1403
55978,1404
56078,1415
56178,1416
56278,1403
56378,1405
56478,1414
56578,1405
56678,1407
56778,1413
56878,1403
56979,1407
57080,1413
57178,1413
57278,1407
57379,1414
57481,1415
57578,1407
57678,1414
57778,1414
57878,1413
57978,1419
58078,1418
58179,1414
58278,1417
58379,1419
58478,1415
58581,1419
58678,1422
58779,1419
58882,1426
58985,1429
59086,1422
59180,1420
59289,1419
59387,917
59479,1548
59578,2547
59680,2058
59779,294
59878,325
59978,269
60078,1773
60180,1007
60278,432
60378,1675
60478,275
60578,709
60681,1555
60778,1897
60878,2091
60986,1194
61078,1452
61178,1551
61279,1555
61378,1531
61478,1531
61581,1541
61680,1545
61778,1520
61878,1545
61978,1513
62078,1502
62178,1533
62278,1565
62380,1568
62478,1565
62595,1565
62684,1564
62778,1571
62878,1567
62978,1563
63079,1573
63178,1571
63278,1567
63379,1565
63484,1565
63586,1567
63679,1566
63788,1566
63879,1567
63980,1566
64079,1567
64179,1570
64279,1567
64379,1575
64478,1567
64578,1573
64678,1571
64778,1575
64878,1575
64979,1573
65078,1576
65178,1571
65279,1571
65382,1572
65478,1571
65579,1573
65678,1575
65778,1574
65878,1572
65981,1575
66078,1573
66178,1572
66278,1575
66378,1577
66478,1583
66578,1575
66678,1573
66778,1575
66878,1577
66980,1575
67078,1576
67178,1575
67280,1581
67379,1580
67480,1579
67579,1573
67680,1575
67784,1576
67878,1575
67979,1579
68080,1574
68183,1573
68278,1575
68379,1579
68478,1578
68579,1577
68678,1579
68778,1763
68879,371
68979,649
69079,1868
69186,361
69286,269
69382,252
69478,619
69579,1107
69678,253
69779,280
69878,285
69978,247
70079,309
70179,314
70281,2329
70380,237
70478,270
70582,339
70681,243
70782,2559
70878,2007
70979,267
71078,249
71180,251
71278,267
71381,305
71479,2419
71579,1854
71679,503
71778,301
71878,960
71981,473
72083,287
72180,298
72279,307
72379,300
72480,301
72578,301
72678,303
72778,300
72881,303
72978,301
73079,299
73180,299
73278,301
73379,299
73478,303
73580,304
73679,305
73778,303
73880,303
73978,307
74078,303
74178,304
74278,301
74378,302
74479,304
74582,303
74679,301
74778,308
74878,304
74978,309
75078,302
75179,309
75278,304
75378,301
75477,307
75578,303
75679,302
75778,303
75879,303
75981,307
76078,307
76180,303
76281,307
76381,307
76480,308
76598,303
76680,304
76780,301
76878,309
76979,307
77078,309
77178,307
77278,306
77378,308
77493,308
77578,309
77681,303
77780,303
77880,306
77978,303
78078,308
78178,308
78278,304
78378,303
78479,309
78579,306
78679,309
78781,306
78878,304
78978,304
79079,303
79178,304
79279,306
79380,307
79478,303
79578,302
79678,303
79778,303
79880,309
79981,302
80079,304
80181,303
80281,303
80387,303
80478,303
80583,304
80683,309
80779,311
80880,293
80980,2248
81079,2438
81178,244
81278,1992
81378,1277
81478,1591
81578,304
81679,2023
81778,252
81878,245
81979,622
82080,1687
82178,1432
82279,1139
82378,1051
82479,1369
82579,1511
82678,1491
82780,1493
82878,1497
82979,1493
83082,1495
83179,1497
83278,1497
83379,1497
83479,1502
83578,1498
83678,1498
83778,1497
83878,1497
83978,1499
84078,1501
84180,1499
84278,1500
84378,1485
84479,1505
84588,1497
84684,1498
84778,1526
84892,1527
84993,1527
85080,1527
85179,1530
85281,1533
85378,1525
85479,1527
85578,1526
85678,1525
85778,1527
85878,1527
85978,1523
86078,1525
86178,1523
86282,1526
86378,1527
86478,1525
86578,1525
86680,1528
86778,1524
86878,1524
86978,1525
87078,1525
87178,1525
87280,1529
87378,1525
87479,1524
87600,1529
87678,1527
87778,1528
87878,1527
87978,1527
88084,1526
88182,1527
88278,1524
88378,1528
88478,1528
88578,1525
88678,1525
88783,1531
88878,1532
88986,1525
89083,1530
89192,1531
89280,1525
89393,1529
89479,1526
89580,1528
89678,1528
89778,1526
89879,1526
89978,1527
90078,1527
90179,1528
90279,1528
90382,1526
90479,1526
90580,1529
90682,1528
90778,1530
90878,1531
90980,1524
91080,1528
91178,1529
91278,1527
91378,1527
91482,1527
91585,1527
91679,1527
91778,1527
91880,1528
91978,1527
92079,1526
92178,1528
92279,1526
92379,1531
92479,1527
92579,1527
92678,1529
92778,1527
92879,1531
92981,1533
93084,1532
93180,1526
93287,1529
93384,1528
93485,1529
93580,1531
93680,1529
93780,1531
93880,1548
93978,694
94079,261
94179,283
94278,1356
94378,925
94479,568
94578,699
94679,739
94778,266
94880,659
94978,1221
95078,479
95178,1095
95278,800
95378,335
95478,361
95578,339
95678,303
95779,308
95881,315
95978,317
96078,316
96178,313
96278,311
96378,316
96480,311
96578,312
96690,311
96778,315
96878,313
96978,314
97077,310
97178,311
97280,312
97378,314
97480,313
97581,315
97678,325
97779,319
97880,317
97978,316
98081,314
98179,314
98305,324
98379,315
98478,315
98578,314
98678,316
98779,315
98878,318
98979,314
99079,315
99181,319
99278,316
99378,315
99483,314
99578,315
99678,315
99778,313
99879,318
99979,318
100080,317
100184,316